id,name,text,trans
4001088010010,off,ひとつ,One
4001088010020,off,ふたつ……,Two......
4001088010030,off,積み重ねてきた,They accumulated
4001088010040,off,見つけて……,We find...
4001088010050,off,探して,We search
4001088010060,off,楽しくなって,We have fun
4001088010070,off,歩き……続けた……,We continued... to walk......
4001088010080,off,"でも……
眩しくて、目をそらした……","But.....
No matter how dazzling... we couldn't face it......"
4001088010090,off,"けれども……
その向こうを……求めて……",And yet...... we longed for... what lay beyond......
4001088010100,off,駆け出した,And ran off.
4001088010101,off,────,Where?
4001088010110,off,そんなのわかってる,We know where.
4001088010120,off,わかってる,We know.
4001088010130,off,"光を浴びて……
声が……聞こえるほうへ……","To where we could bathe in the light... and hear... the
voices......"
4001088010140,off,向かう、だけ,Only there.
4001088010150,off,わかってる,We know.
4001088010160,off,"────
……わかってる","────
...We know."
0000000000000,オーナー,"──このように、
そこまで広いイベントスペースではありません","──As you can see, it's not that spacious of an
event space."
0000000000000,オーナー,"ぐるりと一周すれば、
すべての展示作品をお楽しみいただけるかと思います","If you take a trip around the room, you'll be able to
see all of our exhibits."
4001088010170,霧子,"ここが……
いっぱいになるんですね……",This place... will be quite full......
4001088010180,霧子,"たくさんの……
言葉で……",With all of... our words......
0000000000000,オーナー,"はい、それぞれの想いを抱えて、
ここに来てくれると思いますよ","Yes, I'd love to have people come here with their
feelings in mind."
4001088010190,はるき,あの……質問してもいいですか？,Um... may I ask something?
0000000000000,オーナー,"もちろんです
お気軽になんでも聞いてください",Of course. Feel free to ask whatever you like.
4001088010200,はるき,ありがとうございます……！,Thank you very much...!
4001088010210,はるき,"開業に合わせた企画展のテーマは
『結実の言葉』ということですが……","You've told us that the theme of the exhibit will be
""Resulting Words"", but..."
4001088010220,はるき,どうして、このテーマにしようと思われたんでしょうか,Why is it that you landed on this theme in particular?
0000000000000,オーナー,"理由はひとつではないんですが……
私の考えをまとめるとするなら","There isn't exactly one reason, but if I were to
summarize my thoughts..."
0000000000000,オーナー,"積み重ねてきたものや辿り着いた先を……
言葉として見てみたくなったから、かもしれません","I guess it's because I wanted to see that which
people have accumulated up to now, or where they've
ended up."
4001088010230,美琴,…………,............
4001088010240,美琴,ドキュメンタリー番組のナビゲーター？,The navigator for a documentary?
0000000000000,プロデューサー,"ああ、
都内に新しくイベントスペースが開業するそうなんだ","Yes, "
0000000000000,プロデューサー,"開業までの過程を追うドキュメンタリーが
動画サイトで放送される予定なんだが……","We have a documentary planned to go up on a video
sharing site before it opens up, but..."
0000000000000,プロデューサー,美琴にはその番組のナビゲーターとして出演してほしいんだ,We'd like you to be the one doing the documentary.
4001088010250,美琴,具体的には、何をするの？,"What would I be doing, specifically?"
0000000000000,プロデューサー,……作品を見てどう感じたかを伝えてほしい,"...They want you to say how you feel about each of
their pieces."
4001088010260,美琴,…………,............
4001088010270,美琴,"伝えることが仕事なら、私じゃなくても
他に相応しい人がいると思う","If you'd like someone to say their thoughts, then I
think there are people more suited to the job than
myself."
0000000000000,プロデューサー,"そうだな、そうかもしれない
でもな……イベントスペースのオーナーさんが仰ってたんだ","Yeah, that's fair. But you see... the owner of the
event said something..."
0000000000000,プロデューサー,"美琴の所作や視線が
言葉以上のものを伝えてくれるんじゃないかって","They think that your demeanor and the way you look
at things says something more than words can
express."
4001088010280,美琴,……言葉以上のもの,...Something more than words...
0000000000000,プロデューサー,"ああ
……美琴だから伝えられることがあると思う","Yes. ...I think that you have something special that
only you can convey."
4001088010290,美琴,"わかった
やってみる",Understood. I'll give it a shot.
4001088010300,美琴,ちゃんと伝えるね,"Properly convey it, huh?"
4001088010310,はるき,"……積み重ねてきたものや辿り着いた先は、
言葉に変わるんでしょうか──","...""that which people have accumulated up to now, or
where they've ended up""... putting that into words..."
0000000000000,オーナー,……,......
0000000000000,オーナー,"おそらくみなさんは、
ステージの上でパフォーマンスをすることで──",Perhaps when you're all up there on stage──
0000000000000,オーナー,積み重ねてきたものを表現しているんだと思います,"I believe that you express all that has accumulated in
your life when you perform."
0000000000000,オーナー,"ですが、それを言葉に変換しようとすると……
また話は違ってきますよね","However, to convert that into words is another
story, I know."
4001088010320,はるき,……はい,...Yes.
4001088010330,霧子,…………,......
0000000000000,オーナー,……テーマとしてやはり難しいでしょうか？,...Do you think the theme is too difficult?
4001088010340,はるき,そうですね……,It might be...
4001088010350,はるき,でも、楽しみでもあるんです,"But, I think there's something exciting about it too."
4001088010360,はるき,絵を描くお仕事は何度か経験させていただいたんですけど,"I've received several jobs that require me to produce
artwork up to now..."
4001088010370,はるき,"今回は詩に挑戦できるなんて
すごくありがたいなって思ってます","But now I have to try and turn them into a poem.
Honestly, I'm thankful for the opportunity."
0000000000000,オーナー,"そうですか……
そう言っていただけると私も嬉しいです",I see... I'm so happy to hear you say that.
0000000000000,オーナー,"郁田さんの中に生まれた『結実の言葉』
楽しみにしていますね","I'm looking to hear what kinds of ""Resulting Words""
you bring life to, Ikuta-san."
4001088010380,はるき,はい……！,Thank you...!
0000000000000,オーナー,"あ、もちろん、
幽谷さんのナレーションも楽しみにしていますよ……！","Oh, of course, I'm looking forward to your own oration
as well, Yukoku-san...!"
4001088010390,霧子,はい……,Thank you...
4001088010400,はるき,──────……,──────......
4001088010410,はるき,よし、始めてみよう,"Alright, let's give it a go."
4001088010420,はるき,どこかでちょっと落ち着きたいな……,Where should I go for a quick breather...
4001088010430,はるき,……,......
0000000000000,店員,いらっしゃいませー,Welcome!
4001088010440,はるき,あ、ひとりです……！,"Oh, party of one...!"
0000000000000,店員,かしこまりました、お好きなお席どうぞー,"Understood, please sit wherever you like!"
0000000000000,店員,"あ、うちチーズケーキしか
出してないんですけど大丈夫ですか？","Oh um, right now we're only serving cheesecake, is
that okay with you?"
4001088010450,はるき,はい、大丈夫です！,"Yes, that sounds great!"
4001088010460,はるき,──アイスカフェオレとチーズケーキ、お願いします,"Please give me one iced cafe au lait and a slice of
cheesecake."
0000000000000,店員,"ソースが日替わりになっておりまして
本日はブルーベリー、柚子、塩キャラメルがございます","Our sauces change daily, and today we're serving
blueberry, yuzu, and salted caramel."
4001088010470,はるき,えっと……ブルーベリーでお願いします,Ummm... I'll take blueberry then.
0000000000000,店員,"かしこまりました
少々お待ちくださいませ",Of course! Please wait while we prepare your order!
4001088010480,はるき,"……
美味しい……！","......
This is so good......!"
4001088010490,はるき,（ルカちゃんと羽那ちゃんにも教えてあげたいなぁ……）,"(I wanna tell Luca-chan and Hana-chan about this
place...)"
4001088010500,はるき,（このチーズケーキは絶対、食べてほしい……！）,(And I definitely want them to try this cheesecake...!)
4001088010510,はるき,…………,............
4001088010520,off,結実,Results
4001088010530,off,"言葉を意味として捉えるなら……
成果、結果、実を結んだもの","Synonyms of the word would be... Results, outcomes,
something that bears fruit."
4001088010540,off,ないかもなぁ……,Maybe they don't exist...
4001088010550,はるき,ある、のかな……？,Or maybe... they do...?
4001088010560,はるき,…………,............
0000000000000,オーナー,私はずっと画家になりたかったんです,I've always wanted to be an artist.
0000000000000,オーナー,ですがその夢は叶わず、細々と画材店を営んできました,"However that dream was never granted to me, and
I've struggled to make ends meet as a humble art
supply store owner."
0000000000000,オーナー,"でもね、何十年も画材店をやっていますと……
お客さんの、人生の分岐点に立ち会うことがよくあるんです","But you know, as someone who's been in this line of
work for decades... I've seen various forks in the road
of many peoples' lives."
4001088010570,off,始める瞬間,The moment they begin.
4001088010580,off,諦める瞬間,The moment they give up.
4001088010590,off,もがくことを決めた瞬間,The moment that they choose to fight.
0000000000000,オーナー,"どんな結果が待っていても
その瞬間は結実に繋がっているんです","No matter what fruit they bear, those moments are
always linked to their results."
0000000000000,オーナー,"我ながら貪欲だなあとは思うんですが、
もっと見たくなったんです。みなさんの言葉を、結実を","I'm pretty greedy if I do say so myself, but I want to
see more. I want to see everyone's words... and
everyone's results."
4001088010600,美琴,"理解できるような気がします
……『結実』に繋がる瞬間があること","I think I understand a bit more now. ...There are
moments that are linked to these ""Results""."
0000000000000,オーナー,"そうですか……
ふふ……ありがとうございます。理解しようとしてくれて","Have you now...? Fufu... Thank you. Thank you for
taking the time to try and understand."
4001088010610,美琴,……いえ,...It's nothing.
4001088010620,はるき,すごいなぁ……,You're so amazing...
4001088010630,off,"美琴さんは
ちゃんと実感として理解できてるんだろうな……",Mikoto-san was actually able to understand it...
4001088010640,off,"考える
まずはそこから","Well, first off... I should just think."
info,game_event_communications/400108801.json,
Translator,kotonekotoP,
